AM_VDDLR	AM_VDDLR_Curr	AM_VDCDC	AM_VDCDC_Curr	AM_VDD_HI	AM_VDD_HI_Curr	AM_VDD	AVCC	AVCC_Curr	AVCC5	AVCC5_Curr	AVDD5	VDD2V5	AVEE	VEE5	VDD1V2
1.47837	0.0456245	1.5211	-0	0	0.00015259	1.41787	3.63561	0.587472	3.63684	-0.602731	3.63699	2.48684	0	0	1.20066
